GEO_ID,STATE,COUNTY,NAME.x,LSAD,CENSUSAREA,COUNTYFP,STATEFP,GEOID,NAME.y,variable,estimate,moe,id
0500000US06035,06,035,Lassen,County,4541.184,035,06,06035,"Lassen County, California",B01003_001,35081,NA,CA
0500000US06049,06,049,Modoc,County,3917.77,049,06,06049,"Modoc County, California",B01003_001,9605,NA,CA
0500000US06075,06,075,San Francisco,County,46.873,075,06,06075,"San Francisco County, California",B01003_001,789172,NA,CA
0500000US06083,06,083,Santa Barbara,County,2735.085,083,06,06083,"Santa Barbara County, California",B01003_001,416051,NA,CA
0500000US06091,06,091,Sierra,County,953.214,091,06,06091,"Sierra County, California",B01003_001,3366,177,CA
0500000US06095,06,095,Solano,County,821.765,095,06,06095,"Solano County, California",B01003_001,410042,NA,CA
0500000US06101,06,101,Sutter,County,602.41,101,06,06101,"Sutter County, California",B01003_001,93420,NA,CA
0500000US06105,06,105,Trinity,County,3179.254,105,06,06105,"Trinity County, California",B01003_001,13701,NA,CA
0500000US06111,06,111,Ventura,County,1843.133,111,06,06111,"Ventura County, California",B01003_001,809080,NA,CA
0500000US06115,06,115,Yuba,County,631.839,115,06,06115,"Yuba County, California",B01003_001,71160,NA,CA
0500000US06033,06,033,Lake,County,1256.464,033,06,06033,"Lake County, California",B01003_001,64371,NA,CA
0500000US06071,06,071,San Bernardino,County,20056.938,071,06,06071,"San Bernardino County, California",B01003_001,2005287,NA,CA
0500000US06087,06,087,Santa Cruz,County,445.17,087,06,06087,"Santa Cruz County, California",B01003_001,256901,NA,CA
0500000US06001,06,001,Alameda,County,739.017,001,06,06001,"Alameda County, California",B01003_001,1477980,NA,CA
0500000US06003,06,003,Alpine,County,738.332,003,06,06003,"Alpine County, California",B01003_001,1176,177,CA
0500000US06005,06,005,Amador,County,594.583,005,06,06005,"Amador County, California",B01003_001,38327,NA,CA
0500000US06007,06,007,Butte,County,1636.464,007,06,06007,"Butte County, California",B01003_001,218635,NA,CA
0500000US06009,06,009,Calaveras,County,1020.012,009,06,06009,"Calaveras County, California",B01003_001,45994,NA,CA
0500000US06011,06,011,Colusa,County,1150.731,011,06,06011,"Colusa County, California",B01003_001,21165,NA,CA
0500000US06013,06,013,Contra Costa,County,715.937,013,06,06013,"Contra Costa County, California",B01003_001,1024809,NA,CA
0500000US06015,06,015,Del Norte,County,1006.373,015,06,06015,"Del Norte County, California",B01003_001,28471,NA,CA
0500000US06017,06,017,El Dorado,County,1707.883,017,06,06017,"El Dorado County, California",B01003_001,179053,NA,CA
0500000US06019,06,019,Fresno,County,5957.991,019,06,06019,"Fresno County, California",B01003_001,908830,NA,CA
0500000US06021,06,021,Glenn,County,1313.947,021,06,06021,"Glenn County, California",B01003_001,27935,NA,CA
0500000US06023,06,023,Humboldt,County,3567.987,023,06,06023,"Humboldt County, California",B01003_001,133058,NA,CA
0500000US06025,06,025,Imperial,County,4176.603,025,06,06025,"Imperial County, California",B01003_001,168052,NA,CA
0500000US06027,06,027,Inyo,County,10180.879,027,06,06027,"Inyo County, California",B01003_001,18434,NA,CA
0500000US06029,06,029,Kern,County,8131.916,029,06,06029,"Kern County, California",B01003_001,815693,NA,CA
0500000US06031,06,031,Kings,County,1389.42,031,06,06031,"Kings County, California",B01003_001,151122,NA,CA
0500000US06037,06,037,Los Angeles,County,4057.884,037,06,06037,"Los Angeles County, California",B01003_001,9758256,NA,CA
0500000US06039,06,039,Madera,County,2137.069,039,06,06039,"Madera County, California",B01003_001,147738,NA,CA
0500000US06041,06,041,Marin,County,520.306,041,06,06041,"Marin County, California",B01003_001,248601,NA,CA
0500000US06043,06,043,Mariposa,County,1448.816,043,06,06043,"Mariposa County, California",B01003_001,18290,NA,CA
0500000US06045,06,045,Mendocino,County,3506.343,045,06,06045,"Mendocino County, California",B01003_001,87487,NA,CA
0500000US06047,06,047,Merced,County,1934.972,047,06,06047,"Merced County, California",B01003_001,250699,NA,CA
0500000US06051,06,051,Mono,County,3048.982,051,06,06051,"Mono County, California",B01003_001,13905,NA,CA
0500000US06053,06,053,Monterey,County,3280.595,053,06,06053,"Monterey County, California",B01003_001,407435,NA,CA
0500000US06055,06,055,Napa,County,748.362,055,06,06055,"Napa County, California",B01003_001,134051,NA,CA
0500000US06057,06,057,Nevada,County,957.772,057,06,06057,"Nevada County, California",B01003_001,98186,NA,CA
0500000US06059,06,059,Orange,County,790.568,059,06,06059,"Orange County, California",B01003_001,2965525,NA,CA
0500000US06061,06,061,Placer,County,1407.009,061,06,06061,"Placer County, California",B01003_001,336477,NA,CA
0500000US06063,06,063,Plumas,County,2553.043,063,06,06063,"Plumas County, California",B01003_001,20392,NA,CA
0500000US06065,06,065,Riverside,County,7206.48,065,06,06065,"Riverside County, California",B01003_001,2109464,NA,CA
0500000US06067,06,067,Sacramento,County,964.644,067,06,06067,"Sacramento County, California",B01003_001,1395144,NA,CA
0500000US06069,06,069,San Benito,County,1388.71,069,06,06069,"San Benito County, California",B01003_001,54492,NA,CA
0500000US06073,06,073,San Diego,County,4206.63,073,06,06073,"San Diego County, California",B01003_001,3022468,NA,CA
0500000US06077,06,077,San Joaquin,County,1391.322,077,06,06077,"San Joaquin County, California",B01003_001,673613,NA,CA
0500000US06079,06,079,San Luis Obispo,County,3298.567,079,06,06079,"San Luis Obispo County, California",B01003_001,265577,NA,CA
0500000US06081,06,081,San Mateo,County,448.408,081,06,06081,"San Mateo County, California",B01003_001,704327,NA,CA
0500000US06085,06,085,Santa Clara,County,1290.1,085,06,06085,"Santa Clara County, California",B01003_001,1739396,NA,CA
0500000US06089,06,089,Shasta,County,3775.402,089,06,06089,"Shasta County, California",B01003_001,176906,NA,CA
0500000US06093,06,093,Siskiyou,County,6277.887,093,06,06093,"Siskiyou County, California",B01003_001,44690,NA,CA
0500000US06097,06,097,Sonoma,County,1575.849,097,06,06097,"Sonoma County, California",B01003_001,474047,NA,CA
0500000US06099,06,099,Stanislaus,County,1494.827,099,06,06099,"Stanislaus County, California",B01003_001,509682,NA,CA
0500000US06103,06,103,Tehama,County,2949.709,103,06,06103,"Tehama County, California",B01003_001,62575,NA,CA
0500000US06107,06,107,Tulare,County,4824.215,107,06,06107,"Tulare County, California",B01003_001,429404,NA,CA
0500000US06109,06,109,Tuolumne,County,2220.884,109,06,06109,"Tuolumne County, California",B01003_001,56074,NA,CA
0500000US06113,06,113,Yolo,County,1014.689,113,06,06113,"Yolo County, California",B01003_001,196418,NA,CA
0500000US12013,12,013,Calhoun,County,567.334,013,12,12013,"Calhoun County, Florida",B01003_001,14372,NA,FL
0500000US12015,12,015,Charlotte,County,680.279,015,12,12015,"Charlotte County, Florida",B01003_001,159385,NA,FL
0500000US12019,12,019,Clay,County,604.36,019,12,12019,"Clay County, Florida",B01003_001,186076,NA,FL
0500000US12021,12,021,Collier,County,1998.324,021,12,12021,"Collier County, Florida",B01003_001,316931,NA,FL
0500000US12027,12,027,DeSoto,County,637.059,027,12,12027,"DeSoto County, Florida",B01003_001,34557,NA,FL
0500000US12035,12,035,Flagler,County,485.461,035,12,12035,"Flagler County, Florida",B01003_001,91806,NA,FL
0500000US12067,12,067,Lafayette,County,543.411,067,12,12067,"Lafayette County, Florida",B01003_001,8506,NA,FL
0500000US12081,12,081,Manatee,County,742.931,081,12,12081,"Manatee County, Florida",B01003_001,318619,NA,FL
0500000US12085,12,085,Martin,County,543.464,085,12,12085,"Martin County, Florida",B01003_001,144322,NA,FL
0500000US12087,12,087,Monroe,County,983.282,087,12,12087,"Monroe County, Florida",B01003_001,73065,NA,FL
0500000US12091,12,091,Okaloosa,County,930.247,091,12,12091,"Okaloosa County, Florida",B01003_001,182076,NA,FL
0500000US12099,12,099,Palm Beach,County,1969.763,099,12,12099,"Palm Beach County, Florida",B01003_001,1299356,NA,FL
0500000US12105,12,105,Polk,County,1797.837,105,12,12105,"Polk County, Florida",B01003_001,590116,NA,FL
0500000US12107,12,107,Putnam,County,727.622,107,12,12107,"Putnam County, Florida",B01003_001,74715,NA,FL
0500000US12109,12,109,St. Johns,County,600.655,109,12,12109,"St. Johns County, Florida",B01003_001,180624,NA,FL
0500000US12111,12,111,St. Lucie,County,571.926,111,12,12111,"St. Lucie County, Florida",B01003_001,269659,NA,FL
0500000US12043,12,043,Glades,County,806.009,043,12,12043,"Glades County, Florida",B01003_001,12617,NA,FL
0500000US12049,12,049,Hardee,County,637.783,049,12,12049,"Hardee County, Florida",B01003_001,27521,NA,FL
0500000US12051,12,051,Hendry,County,1152.75,051,12,12051,"Hendry County, Florida",B01003_001,39030,NA,FL
0500000US12053,12,053,Hernando,County,472.539,053,12,12053,"Hernando County, Florida",B01003_001,170337,NA,FL
0500000US12059,12,059,Holmes,County,478.777,059,12,12059,"Holmes County, Florida",B01003_001,19992,NA,FL
0500000US12061,12,061,Indian River,County,502.872,061,12,12061,"Indian River County, Florida",B01003_001,135518,NA,FL
0500000US12001,12,001,Alachua,County,875.02,001,12,12001,"Alachua County, Florida",B01003_001,244247,NA,FL
0500000US12003,12,003,Baker,County,585.231,003,12,12003,"Baker County, Florida",B01003_001,26548,NA,FL
0500000US12005,12,005,Bay,County,758.459,005,12,12005,"Bay County, Florida",B01003_001,166798,NA,FL
0500000US12007,12,007,Bradford,County,293.962,007,12,12007,"Bradford County, Florida",B01003_001,28750,NA,FL
0500000US12009,12,009,Brevard,County,1015.664,009,12,12009,"Brevard County, Florida",B01003_001,540583,NA,FL
0500000US12011,12,011,Broward,County,1209.785,011,12,12011,"Broward County, Florida",B01003_001,1734139,NA,FL
0500000US12029,12,029,Dixie,County,705.053,029,12,12029,"Dixie County, Florida",B01003_001,16196,NA,FL
0500000US12031,12,031,Duval,County,762.192,031,12,12031,"Duval County, Florida",B01003_001,854848,NA,FL
0500000US12033,12,033,Escambia,County,656.461,033,12,12033,"Escambia County, Florida",B01003_001,297940,NA,FL
0500000US12037,12,037,Franklin,County,534.725,037,12,12037,"Franklin County, Florida",B01003_001,11470,NA,FL
0500000US12039,12,039,Gadsden,County,516.332,039,12,12039,"Gadsden County, Florida",B01003_001,46031,NA,FL
0500000US12041,12,041,Gilchrist,County,349.677,041,12,12041,"Gilchrist County, Florida",B01003_001,16683,NA,FL
0500000US12045,12,045,Gulf,County,564.012,045,12,12045,"Gulf County, Florida",B01003_001,15879,NA,FL
0500000US12047,12,047,Hamilton,County,513.79,047,12,12047,"Hamilton County, Florida",B01003_001,14696,NA,FL
0500000US12055,12,055,Highlands,County,1016.615,055,12,12055,"Highlands County, Florida",B01003_001,98807,NA,FL
0500000US12057,12,057,Hillsborough,County,1020.214,057,12,12057,"Hillsborough County, Florida",B01003_001,1200236,NA,FL
0500000US12063,12,063,Jackson,County,917.76,063,12,12063,"Jackson County, Florida",B01003_001,49334,NA,FL
0500000US12065,12,065,Jefferson,County,598.095,065,12,12065,"Jefferson County, Florida",B01003_001,14583,NA,FL
0500000US12069,12,069,Lake,County,938.381,069,12,12069,"Lake County, Florida",B01003_001,291671,NA,FL
0500000US12071,12,071,Lee,County,784.513,071,12,12071,"Lee County, Florida",B01003_001,606165,NA,FL
0500000US12073,12,073,Leon,County,666.852,073,12,12073,"Leon County, Florida",B01003_001,270409,NA,FL
0500000US12077,12,077,Liberty,County,835.562,077,12,12077,"Liberty County, Florida",B01003_001,8230,NA,FL
0500000US12079,12,079,Madison,County,695.948,079,12,12079,"Madison County, Florida",B01003_001,19300,NA,FL
0500000US12083,12,083,Marion,County,1584.546,083,12,12083,"Marion County, Florida",B01003_001,326833,NA,FL
0500000US12086,12,086,Miami-Dade,County,1897.716,086,12,12086,"Miami-Dade County, Florida",B01003_001,2445374,NA,FL
0500000US12089,12,089,Nassau,County,648.639,089,12,12089,"Nassau County, Florida",B01003_001,71099,NA,FL
0500000US12093,12,093,Okeechobee,County,768.908,093,12,12093,"Okeechobee County, Florida",B01003_001,39883,NA,FL
0500000US12095,12,095,Orange,County,903.429,095,12,12095,"Orange County, Florida",B01003_001,1116094,NA,FL
0500000US12097,12,097,Osceola,County,1327.453,097,12,12097,"Osceola County, Florida",B01003_001,258531,NA,FL
0500000US12101,12,101,Pasco,County,746.886,101,12,12101,"Pasco County, Florida",B01003_001,456514,NA,FL
0500000US12103,12,103,Pinellas,County,273.799,103,12,12103,"Pinellas County, Florida",B01003_001,918263,NA,FL
0500000US12113,12,113,Santa Rosa,County,1011.605,113,12,12113,"Santa Rosa County, Florida",B01003_001,147838,NA,FL
0500000US12117,12,117,Seminole,County,309.221,117,12,12117,"Seminole County, Florida",B01003_001,417330,NA,FL
0500000US12119,12,119,Sumter,County,546.933,119,12,12119,"Sumter County, Florida",B01003_001,85891,NA,FL
0500000US12121,12,121,Suwannee,County,688.552,121,12,12121,"Suwannee County, Florida",B01003_001,40675,NA,FL
0500000US12123,12,123,Taylor,County,1043.305,123,12,12123,"Taylor County, Florida",B01003_001,22000,NA,FL
0500000US12125,12,125,Union,County,243.556,125,12,12125,"Union County, Florida",B01003_001,15375,NA,FL
0500000US12129,12,129,Wakulla,County,606.419,129,12,12129,"Wakulla County, Florida",B01003_001,29368,NA,FL
0500000US12133,12,133,Washington,County,582.803,133,12,12133,"Washington County, Florida",B01003_001,24125,NA,FL
0500000US12115,12,115,Sarasota,County,555.868,115,12,12115,"Sarasota County, Florida",B01003_001,376200,NA,FL
0500000US12131,12,131,Walton,County,1037.625,131,12,12131,"Walton County, Florida",B01003_001,53366,NA,FL
0500000US12017,12,017,Citrus,County,581.696,017,12,12017,"Citrus County, Florida",B01003_001,140686,NA,FL
0500000US12075,12,075,Levy,County,1118.206,075,12,12075,"Levy County, Florida",B01003_001,40415,NA,FL
0500000US12127,12,127,Volusia,County,1101.032,127,12,12127,"Volusia County, Florida",B01003_001,496053,NA,FL
0500000US12023,12,023,Columbia,County,797.574,023,12,12023,"Columbia County, Florida",B01003_001,66964,NA,FL
0500000US13057,13,057,Cherokee,County,421.674,057,13,13057,"Cherokee County, Georgia",B01003_001,206283,NA,GA
0500000US13059,13,059,Clarke,County,119.2,059,13,13059,"Clarke County, Georgia",B01003_001,115070,NA,GA
0500000US13061,13,061,Clay,County,195.381,061,13,13061,"Clay County, Georgia",B01003_001,2981,287,GA
0500000US13063,13,063,Clayton,County,141.57,063,13,13063,"Clayton County, Georgia",B01003_001,260156,NA,GA
0500000US13065,13,065,Clinch,County,800.222,065,13,13065,"Clinch County, Georgia",B01003_001,6841,NA,GA
0500000US13001,13,001,Appling,County,507.081,001,13,13001,"Appling County, Georgia",B01003_001,18050,NA,GA
0500000US13007,13,007,Baker,County,341.944,007,13,13007,"Baker County, Georgia",B01003_001,3657,NA,GA
0500000US13009,13,009,Baldwin,County,257.844,009,13,13009,"Baldwin County, Georgia",B01003_001,46905,NA,GA
0500000US13013,13,013,Barrow,County,160.309,013,13,13013,"Barrow County, Georgia",B01003_001,66359,NA,GA
0500000US13015,13,015,Bartow,County,459.544,015,13,13015,"Bartow County, Georgia",B01003_001,97423,NA,GA
0500000US13019,13,019,Berrien,County,451.897,019,13,13019,"Berrien County, Georgia",B01003_001,18708,NA,GA
0500000US13021,13,021,Bibb,County,249.762,021,13,13021,"Bibb County, Georgia",B01003_001,154810,NA,GA
0500000US13025,13,025,Brantley,County,442.362,025,13,13025,"Brantley County, Georgia",B01003_001,17650,NA,GA
0500000US13027,13,027,Brooks,County,493.046,027,13,13027,"Brooks County, Georgia",B01003_001,16338,NA,GA
0500000US13029,13,029,Bryan,County,435.967,029,13,13029,"Bryan County, Georgia",B01003_001,29039,NA,GA
0500000US13033,13,033,Burke,County,826.968,033,13,13033,"Burke County, Georgia",B01003_001,23083,NA,GA
0500000US13039,13,039,Camden,County,613.025,039,13,13039,"Camden County, Georgia",B01003_001,49293,NA,GA
0500000US13049,13,049,Charlton,County,773.576,049,13,13049,"Charlton County, Georgia",B01003_001,12310,NA,GA
0500000US13051,13,051,Chatham,County,426.437,051,13,13051,"Chatham County, Georgia",B01003_001,256428,NA,GA
0500000US13075,13,075,Cook,County,227.162,075,13,13075,"Cook County, Georgia",B01003_001,16976,NA,GA
0500000US13079,13,079,Crawford,County,324.888,079,13,13079,"Crawford County, Georgia",B01003_001,12821,NA,GA
0500000US13081,13,081,Crisp,County,272.583,081,13,13081,"Crisp County, Georgia",B01003_001,23182,NA,GA
0500000US13089,13,089,DeKalb,County,267.582,089,13,13089,"DeKalb County, Georgia",B01003_001,685371,NA,GA
0500000US13103,13,103,Effingham,County,477.7,103,13,13103,"Effingham County, Georgia",B01003_001,50513,NA,GA
0500000US13105,13,105,Elbert,County,351.055,105,13,13105,"Elbert County, Georgia",B01003_001,20421,NA,GA
0500000US13107,13,107,Emanuel,County,680.604,107,13,13107,"Emanuel County, Georgia",B01003_001,22348,NA,GA
0500000US13113,13,113,Fayette,County,194.342,113,13,13113,"Fayette County, Georgia",B01003_001,105344,NA,GA
0500000US13121,13,121,Fulton,County,526.635,121,13,13121,"Fulton County, Georgia",B01003_001,886982,NA,GA
0500000US13127,13,127,Glynn,County,419.753,127,13,13127,"Glynn County, Georgia",B01003_001,77632,NA,GA
0500000US13131,13,131,Grady,County,454.527,131,13,13131,"Grady County, Georgia",B01003_001,24738,NA,GA
0500000US13135,13,135,Gwinnett,County,430.383,135,13,13135,"Gwinnett County, Georgia",B01003_001,778022,NA,GA
0500000US13137,13,137,Habersham,County,276.74,137,13,13137,"Habersham County, Georgia",B01003_001,42212,NA,GA
0500000US13141,13,141,Hancock,County,471.841,141,13,13141,"Hancock County, Georgia",B01003_001,9649,NA,GA
0500000US13149,13,149,Heard,County,296.03,149,13,13149,"Heard County, Georgia",B01003_001,11720,NA,GA
0500000US13151,13,151,Henry,County,322.127,151,13,13151,"Henry County, Georgia",B01003_001,193717,NA,GA
0500000US13163,13,163,Jefferson,County,526.485,163,13,13163,"Jefferson County, Georgia",B01003_001,16919,NA,GA
0500000US13171,13,171,Lamar,County,183.5,171,13,13171,"Lamar County, Georgia",B01003_001,17837,NA,GA
0500000US13179,13,179,Liberty,County,489.801,179,13,13179,"Liberty County, Georgia",B01003_001,63854,NA,GA
0500000US13183,13,183,Long,County,400.293,183,13,13183,"Long County, Georgia",B01003_001,13142,NA,GA
0500000US13185,13,185,Lowndes,County,496.066,185,13,13185,"Lowndes County, Georgia",B01003_001,104916,NA,GA
0500000US13189,13,189,McDuffie,County,257.461,189,13,13189,"McDuffie County, Georgia",B01003_001,21719,NA,GA
0500000US13191,13,191,McIntosh,County,424.299,191,13,13191,"McIntosh County, Georgia",B01003_001,13817,NA,GA
0500000US13195,13,195,Madison,County,282.311,195,13,13195,"Madison County, Georgia",B01003_001,27798,NA,GA
0500000US13201,13,201,Miller,County,282.421,201,13,13201,"Miller County, Georgia",B01003_001,6128,NA,GA
0500000US13213,13,213,Murray,County,344.466,213,13,13213,"Murray County, Georgia",B01003_001,39925,NA,GA
0500000US13217,13,217,Newton,County,272.161,217,13,13217,"Newton County, Georgia",B01003_001,96833,NA,GA
0500000US13219,13,219,Oconee,County,184.29,219,13,13219,"Oconee County, Georgia",B01003_001,31508,NA,GA
0500000US13221,13,221,Oglethorpe,County,439.012,221,13,13221,"Oglethorpe County, Georgia",B01003_001,14556,NA,GA
0500000US13223,13,223,Paulding,County,312.219,223,13,13223,"Paulding County, Georgia",B01003_001,134875,NA,GA
0500000US13229,13,229,Pierce,County,316.494,229,13,13229,"Pierce County, Georgia",B01003_001,18205,NA,GA
0500000US13241,13,241,Rabun,County,369.993,241,13,13241,"Rabun County, Georgia",B01003_001,16266,NA,GA
0500000US13245,13,245,Richmond,County,324.326,245,13,13245,"Richmond County, Georgia",B01003_001,198170,NA,GA
0500000US13249,13,249,Schley,County,166.906,249,13,13249,"Schley County, Georgia",B01003_001,4755,NA,GA
0500000US13251,13,251,Screven,County,645.101,251,13,13251,"Screven County, Georgia",B01003_001,14799,NA,GA
0500000US13267,13,267,Tattnall,County,479.403,267,13,13267,"Tattnall County, Georgia",B01003_001,24263,NA,GA
0500000US13269,13,269,Taylor,County,376.686,269,13,13269,"Taylor County, Georgia",B01003_001,8875,NA,GA
0500000US13271,13,271,Telfair,County,437.303,271,13,13271,"Telfair County, Georgia",B01003_001,16052,NA,GA
0500000US13285,13,285,Troup,County,413.988,285,13,13285,"Troup County, Georgia",B01003_001,65652,NA,GA
0500000US13289,13,289,Twiggs,County,358.398,289,13,13289,"Twiggs County, Georgia",B01003_001,9385,NA,GA
0500000US13291,13,291,Union,County,321.926,291,13,13291,"Union County, Georgia",B01003_001,21083,NA,GA
0500000US13301,13,301,Warren,County,284.298,301,13,13301,"Warren County, Georgia",B01003_001,5936,NA,GA
0500000US13303,13,303,Washington,County,678.452,303,13,13303,"Washington County, Georgia",B01003_001,21112,NA,GA
0500000US13305,13,305,Wayne,County,641.777,305,13,13305,"Wayne County, Georgia",B01003_001,29705,NA,GA
0500000US13309,13,309,Wheeler,County,295.484,309,13,13309,"Wheeler County, Georgia",B01003_001,7093,NA,GA
0500000US13313,13,313,Whitfield,County,290.464,313,13,13313,"Whitfield County, Georgia",B01003_001,99910,NA,GA
0500000US13317,13,317,Wilkes,County,469.49,317,13,13317,"Wilkes County, Georgia",B01003_001,10580,NA,GA
0500000US13319,13,319,Wilkinson,County,447.308,319,13,13319,"Wilkinson County, Georgia",B01003_001,9685,NA,GA
0500000US13003,13,003,Atkinson,County,339.382,003,13,13003,"Atkinson County, Georgia",B01003_001,8332,NA,GA
0500000US13005,13,005,Bacon,County,258.576,005,13,13005,"Bacon County, Georgia",B01003_001,10969,NA,GA
0500000US13011,13,011,Banks,County,232.091,011,13,13011,"Banks County, Georgia",B01003_001,17840,NA,GA
0500000US13017,13,017,Ben Hill,County,250.121,017,13,13017,"Ben Hill County, Georgia",B01003_001,17631,NA,GA
0500000US13023,13,023,Bleckley,County,215.87,023,13,13023,"Bleckley County, Georgia",B01003_001,12937,NA,GA
0500000US13031,13,031,Bulloch,County,672.809,031,13,13031,"Bulloch County, Georgia",B01003_001,67298,NA,GA
0500000US13035,13,035,Butts,County,184.393,035,13,13035,"Butts County, Georgia",B01003_001,23401,NA,GA
0500000US13037,13,037,Calhoun,County,280.367,037,13,13037,"Calhoun County, Georgia",B01003_001,6488,NA,GA
0500000US13043,13,043,Candler,County,243.044,043,13,13043,"Candler County, Georgia",B01003_001,10715,NA,GA
0500000US13045,13,045,Carroll,County,499.076,045,13,13045,"Carroll County, Georgia",B01003_001,109227,NA,GA
0500000US13047,13,047,Catoosa,County,162.159,047,13,13047,"Catoosa County, Georgia",B01003_001,62951,NA,GA
0500000US13053,13,053,Chattahoochee,County,248.736,053,13,13053,"Chattahoochee County, Georgia",B01003_001,11702,NA,GA
0500000US13055,13,055,Chattooga,County,313.338,055,13,13055,"Chattooga County, Georgia",B01003_001,25985,NA,GA
0500000US13077,13,077,Coweta,County,440.892,077,13,13077,"Coweta County, Georgia",B01003_001,121528,NA,GA
0500000US13083,13,083,Dade,County,173.981,083,13,13083,"Dade County, Georgia",B01003_001,16595,NA,GA
0500000US13085,13,085,Dawson,County,210.83,085,13,13085,"Dawson County, Georgia",B01003_001,21758,NA,GA
0500000US13087,13,087,Decatur,County,597.14,087,13,13087,"Decatur County, Georgia",B01003_001,27920,NA,GA
0500000US13091,13,091,Dodge,County,495.89,091,13,13091,"Dodge County, Georgia",B01003_001,21402,NA,GA
0500000US13093,13,093,Dooly,County,391.94,093,13,13093,"Dooly County, Georgia",B01003_001,14283,NA,GA
0500000US13095,13,095,Dougherty,County,328.689,095,13,13095,"Dougherty County, Georgia",B01003_001,94514,NA,GA
0500000US13097,13,097,Douglas,County,200.067,097,13,13097,"Douglas County, Georgia",B01003_001,127800,NA,GA
0500000US13099,13,099,Early,County,512.594,099,13,13099,"Early County, Georgia",B01003_001,11286,NA,GA
0500000US13101,13,101,Echols,County,414.894,101,13,13101,"Echols County, Georgia",B01003_001,3973,NA,GA
0500000US13109,13,109,Evans,County,182.853,109,13,13109,"Evans County, Georgia",B01003_001,10966,NA,GA
0500000US13111,13,111,Fannin,County,386.723,111,13,13111,"Fannin County, Georgia",B01003_001,23337,NA,GA
0500000US13115,13,115,Floyd,County,509.911,115,13,13115,"Floyd County, Georgia",B01003_001,95810,NA,GA
0500000US13117,13,117,Forsyth,County,224.021,117,13,13117,"Forsyth County, Georgia",B01003_001,163885,NA,GA
0500000US13119,13,119,Franklin,County,261.497,119,13,13119,"Franklin County, Georgia",B01003_001,22121,NA,GA
0500000US13067,13,067,Cobb,County,339.549,067,13,13067,"Cobb County, Georgia",B01003_001,677402,NA,GA
0500000US13069,13,069,Coffee,County,575.097,069,13,13069,"Coffee County, Georgia",B01003_001,41647,NA,GA
0500000US13071,13,071,Colquitt,County,544.153,071,13,13071,"Colquitt County, Georgia",B01003_001,44712,NA,GA
0500000US13073,13,073,Columbia,County,290.09,073,13,13073,"Columbia County, Georgia",B01003_001,117858,NA,GA
0500000US13139,13,139,Hall,County,392.782,139,13,13139,"Hall County, Georgia",B01003_001,175001,NA,GA
0500000US13143,13,143,Haralson,County,282.165,143,13,13143,"Haralson County, Georgia",B01003_001,28574,NA,GA
0500000US13145,13,145,Harris,County,463.869,145,13,13145,"Harris County, Georgia",B01003_001,30807,NA,GA
0500000US13147,13,147,Hart,County,232.394,147,13,13147,"Hart County, Georgia",B01003_001,25024,NA,GA
0500000US13153,13,153,Houston,County,375.541,153,13,13153,"Houston County, Georgia",B01003_001,134880,NA,GA
0500000US13155,13,155,Irwin,County,354.343,155,13,13155,"Irwin County, Georgia",B01003_001,9642,NA,GA
0500000US13157,13,157,Jackson,County,339.663,157,13,13157,"Jackson County, Georgia",B01003_001,58347,NA,GA
0500000US13159,13,159,Jasper,County,368.165,159,13,13159,"Jasper County, Georgia",B01003_001,13695,NA,GA
0500000US13161,13,161,Jeff Davis,County,330.74,161,13,13161,"Jeff Davis County, Georgia",B01003_001,14558,NA,GA
0500000US13165,13,165,Jenkins,County,347.279,165,13,13165,"Jenkins County, Georgia",B01003_001,8400,NA,GA
0500000US13167,13,167,Johnson,County,303.01,167,13,13167,"Johnson County, Georgia",B01003_001,9967,NA,GA
0500000US13169,13,169,Jones,County,393.933,169,13,13169,"Jones County, Georgia",B01003_001,28292,NA,GA
0500000US13173,13,173,Lanier,County,185.261,173,13,13173,"Lanier County, Georgia",B01003_001,9404,NA,GA
0500000US13175,13,175,Laurens,County,807.296,175,13,13175,"Laurens County, Georgia",B01003_001,48034,NA,GA
0500000US13177,13,177,Lee,County,355.784,177,13,13177,"Lee County, Georgia",B01003_001,27998,NA,GA
0500000US13181,13,181,Lincoln,County,210.38,181,13,13181,"Lincoln County, Georgia",B01003_001,8111,NA,GA
0500000US13123,13,123,Gilmer,County,426.54,123,13,13123,"Gilmer County, Georgia",B01003_001,28076,NA,GA
0500000US13125,13,125,Glascock,County,143.74,125,13,13125,"Glascock County, Georgia",B01003_001,3007,NA,GA
0500000US13129,13,129,Gordon,County,355.808,129,13,13129,"Gordon County, Georgia",B01003_001,54059,NA,GA
0500000US13133,13,133,Greene,County,387.435,133,13,13133,"Greene County, Georgia",B01003_001,15844,NA,GA
0500000US13187,13,187,Lumpkin,County,282.933,187,13,13187,"Lumpkin County, Georgia",B01003_001,28875,NA,GA
0500000US13193,13,193,Macon,County,400.641,193,13,13193,"Macon County, Georgia",B01003_001,14553,NA,GA
0500000US13197,13,197,Marion,County,366.003,197,13,13197,"Marion County, Georgia",B01003_001,8403,NA,GA
0500000US13199,13,199,Meriwether,County,501.223,199,13,13199,"Meriwether County, Georgia",B01003_001,22425,NA,GA
0500000US13205,13,205,Mitchell,County,512.085,205,13,13205,"Mitchell County, Georgia",B01003_001,23697,NA,GA
0500000US13225,13,225,Peach,County,150.267,225,13,13225,"Peach County, Georgia",B01003_001,26883,NA,GA
0500000US13227,13,227,Pickens,County,232.057,227,13,13227,"Pickens County, Georgia",B01003_001,29155,NA,GA
0500000US13231,13,231,Pike,County,216.086,231,13,13231,"Pike County, Georgia",B01003_001,17411,NA,GA
0500000US13233,13,233,Polk,County,310.331,233,13,13233,"Polk County, Georgia",B01003_001,41095,NA,GA
0500000US13235,13,235,Pulaski,County,249.031,235,13,13235,"Pulaski County, Georgia",B01003_001,11632,NA,GA
0500000US13207,13,207,Monroe,County,395.658,207,13,13207,"Monroe County, Georgia",B01003_001,25864,NA,GA
0500000US13209,13,209,Montgomery,County,239.523,209,13,13209,"Montgomery County, Georgia",B01003_001,9138,NA,GA
0500000US13211,13,211,Morgan,County,347.349,211,13,13211,"Morgan County, Georgia",B01003_001,17741,NA,GA
0500000US13215,13,215,Muscogee,County,216.385,215,13,13215,"Muscogee County, Georgia",B01003_001,187629,NA,GA
0500000US13255,13,255,Spalding,County,196.469,255,13,13255,"Spalding County, Georgia",B01003_001,63304,NA,GA
0500000US13257,13,257,Stephens,County,179.131,257,13,13257,"Stephens County, Georgia",B01003_001,25876,NA,GA
0500000US13259,13,259,Stewart,County,458.733,259,13,13259,"Stewart County, Georgia",B01003_001,5831,NA,GA
0500000US13261,13,261,Sumter,County,482.697,261,13,13261,"Sumter County, Georgia",B01003_001,32865,NA,GA
0500000US13263,13,263,Talbot,County,391.389,263,13,13263,"Talbot County, Georgia",B01003_001,6920,NA,GA
0500000US13265,13,265,Taliaferro,County,194.608,265,13,13265,"Taliaferro County, Georgia",B01003_001,2041,287,GA
0500000US13273,13,273,Terrell,County,335.439,273,13,13273,"Terrell County, Georgia",B01003_001,9647,NA,GA
0500000US13275,13,275,Thomas,County,544.596,275,13,13275,"Thomas County, Georgia",B01003_001,44451,NA,GA
0500000US13277,13,277,Tift,County,258.915,277,13,13277,"Tift County, Georgia",B01003_001,39823,NA,GA
0500000US13279,13,279,Toombs,County,364.005,279,13,13279,"Toombs County, Georgia",B01003_001,27151,NA,GA
0500000US13281,13,281,Towns,County,166.563,281,13,13281,"Towns County, Georgia",B01003_001,10430,NA,GA
0500000US13283,13,283,Treutlen,County,199.436,283,13,13283,"Treutlen County, Georgia",B01003_001,6835,NA,GA
0500000US13287,13,287,Turner,County,285.393,287,13,13287,"Turner County, Georgia",B01003_001,9025,NA,GA
0500000US13237,13,237,Putnam,County,344.639,237,13,13237,"Putnam County, Georgia",B01003_001,20925,NA,GA
0500000US13239,13,239,Quitman,County,151.237,239,13,13239,"Quitman County, Georgia",B01003_001,2528,NA,GA
0500000US13243,13,243,Randolph,County,428.236,243,13,13243,"Randolph County, Georgia",B01003_001,7724,NA,GA
0500000US13247,13,247,Rockdale,County,129.793,247,13,13247,"Rockdale County, Georgia",B01003_001,83135,NA,GA
0500000US13253,13,253,Seminole,County,235.226,253,13,13253,"Seminole County, Georgia",B01003_001,8797,NA,GA
0500000US13311,13,311,White,County,240.686,311,13,13311,"White County, Georgia",B01003_001,26498,NA,GA
0500000US13315,13,315,Wilcox,County,377.705,315,13,13315,"Wilcox County, Georgia",B01003_001,9041,NA,GA
0500000US13321,13,321,Worth,County,570.702,321,13,13321,"Worth County, Georgia",B01003_001,21712,NA,GA
0500000US13293,13,293,Upson,County,323.437,293,13,13293,"Upson County, Georgia",B01003_001,27308,NA,GA
0500000US13295,13,295,Walker,County,446.379,295,13,13295,"Walker County, Georgia",B01003_001,67845,NA,GA
0500000US13297,13,297,Walton,County,325.68,297,13,13297,"Walton County, Georgia",B01003_001,81491,NA,GA
0500000US13299,13,299,Ware,County,892.461,299,13,13299,"Ware County, Georgia",B01003_001,36006,NA,GA
0500000US13307,13,307,Webster,County,209.118,307,13,13307,"Webster County, Georgia",B01003_001,2727,NA,GA
0500000US15001,15,001,Hawaii,County,4028.417,001,15,15001,"Hawaii County, Hawaii",B01003_001,180362,NA,HI
0500000US15003,15,003,Honolulu,County,600.743,003,15,15003,"Honolulu County, Hawaii",B01003_001,936984,NA,HI
0500000US15005,15,005,Kalawao,County,11.991,005,15,15005,"Kalawao County, Hawaii",B01003_001,74,26,HI
0500000US15007,15,007,Kauai,County,619.956,007,15,15007,"Kauai County, Hawaii",B01003_001,65460,NA,HI
0500000US15009,15,009,Maui,County,1161.521,009,15,15009,"Maui County, Hawaii",B01003_001,150711,26,HI
0500000US36001,36,001,Albany,County,522.804,001,36,36001,"Albany County, New York",B01003_001,304032,NA,NY
0500000US36003,36,003,Allegany,County,1029.308,003,36,36003,"Allegany County, New York",B01003_001,49105,NA,NY
0500000US36005,36,005,Bronx,County,42.096,005,36,36005,"Bronx County, New York",B01003_001,1365725,NA,NY
0500000US36009,36,009,Cattaraugus,County,1308.35,009,36,36009,"Cattaraugus County, New York",B01003_001,80776,NA,NY
0500000US36011,36,011,Cayuga,County,691.582,011,36,36011,"Cayuga County, New York",B01003_001,80431,NA,NY
0500000US36013,36,013,Chautauqua,County,1060.226,013,36,36013,"Chautauqua County, New York",B01003_001,135263,NA,NY
0500000US36017,36,017,Chenango,County,893.548,017,36,36017,"Chenango County, New York",B01003_001,51045,NA,NY
0500000US36025,36,025,Delaware,County,1442.44,025,36,36025,"Delaware County, New York",B01003_001,48220,NA,NY
0500000US36031,36,031,Essex,County,1794.228,031,36,36031,"Essex County, New York",B01003_001,39416,NA,NY
0500000US36041,36,041,Hamilton,County,1717.373,041,36,36041,"Hamilton County, New York",B01003_001,4908,NA,NY
0500000US36045,36,045,Jefferson,County,1268.59,045,36,36045,"Jefferson County, New York",B01003_001,115069,NA,NY
0500000US36051,36,051,Livingston,County,631.763,051,36,36051,"Livingston County, New York",B01003_001,65441,NA,NY
0500000US36053,36,053,Madison,County,654.842,053,36,36053,"Madison County, New York",B01003_001,72887,NA,NY
0500000US36059,36,059,Nassau,County,284.716,059,36,36059,"Nassau County, New York",B01003_001,1329083,NA,NY
0500000US36063,36,063,Niagara,County,522.359,063,36,36063,"Niagara County, New York",B01003_001,216064,NA,NY
0500000US36065,36,065,Oneida,County,1212.429,065,36,36065,"Oneida County, New York",B01003_001,234533,NA,NY
0500000US36067,36,067,Onondaga,County,778.39,067,36,36067,"Onondaga County, New York",B01003_001,463704,NA,NY
0500000US36071,36,071,Orange,County,811.686,071,36,36071,"Orange County, New York",B01003_001,370201,NA,NY
0500000US36075,36,075,Oswego,County,951.65,075,36,36075,"Oswego County, New York",B01003_001,122220,NA,NY
0500000US36077,36,077,Otsego,County,1001.7,077,36,36077,"Otsego County, New York",B01003_001,62604,NA,NY
0500000US36081,36,081,Queens,County,108.532,081,36,36081,"Queens County, New York",B01003_001,2199169,NA,NY
0500000US36091,36,091,Saratoga,County,809.984,091,36,36091,"Saratoga County, New York",B01003_001,217264,NA,NY
0500000US36103,36,103,Suffolk,County,912.051,103,36,36103,"Suffolk County, New York",B01003_001,1482548,NA,NY
0500000US36105,36,105,Sullivan,County,968.132,105,36,36105,"Sullivan County, New York",B01003_001,77625,NA,NY
0500000US36113,36,113,Warren,County,866.952,113,36,36113,"Warren County, New York",B01003_001,65707,NA,NY
0500000US36115,36,115,Washington,County,831.184,115,36,36115,"Washington County, New York",B01003_001,63088,NA,NY
0500000US36119,36,119,Westchester,County,430.497,119,36,36119,"Westchester County, New York",B01003_001,939406,NA,NY
0500000US36123,36,123,Yates,County,338.143,123,36,36123,"Yates County, New York",B01003_001,25250,NA,NY
0500000US36069,36,069,Ontario,County,644.065,069,36,36069,"Ontario County, New York",B01003_001,106298,NA,NY
0500000US36073,36,073,Orleans,County,391.259,073,36,36073,"Orleans County, New York",B01003_001,43169,NA,NY
0500000US36079,36,079,Putnam,County,230.312,079,36,36079,"Putnam County, New York",B01003_001,99545,NA,NY
0500000US36083,36,083,Rensselaer,County,652.431,083,36,36083,"Rensselaer County, New York",B01003_001,158629,NA,NY
0500000US36007,36,007,Broome,County,705.766,007,36,36007,"Broome County, New York",B01003_001,200804,NA,NY
0500000US36015,36,015,Chemung,County,407.352,015,36,36015,"Chemung County, New York",B01003_001,88708,NA,NY
0500000US36019,36,019,Clinton,County,1037.852,019,36,36019,"Clinton County, New York",B01003_001,82380,NA,NY
0500000US36021,36,021,Columbia,County,634.705,021,36,36021,"Columbia County, New York",B01003_001,63241,NA,NY
0500000US36023,36,023,Cortland,County,498.76,023,36,36023,"Cortland County, New York",B01003_001,49452,NA,NY
0500000US36027,36,027,Dutchess,County,795.63,027,36,36027,"Dutchess County, New York",B01003_001,296152,NA,NY
0500000US36033,36,033,Franklin,County,1629.119,033,36,36033,"Franklin County, New York",B01003_001,51697,NA,NY
0500000US36035,36,035,Fulton,County,495.469,035,36,36035,"Fulton County, New York",B01003_001,55497,NA,NY
0500000US36037,36,037,Genesee,County,492.936,037,36,36037,"Genesee County, New York",B01003_001,59952,NA,NY
0500000US36039,36,039,Greene,County,647.161,039,36,36039,"Greene County, New York",B01003_001,49410,NA,NY
0500000US36043,36,043,Herkimer,County,1411.47,043,36,36043,"Herkimer County, New York",B01003_001,64332,NA,NY
0500000US36047,36,047,Kings,County,70.816,047,36,36047,"Kings County, New York",B01003_001,2466782,NA,NY
0500000US36049,36,049,Lewis,County,1274.679,049,36,36049,"Lewis County, New York",B01003_001,27017,NA,NY
0500000US36055,36,055,Monroe,County,657.205,055,36,36055,"Monroe County, New York",B01003_001,741274,NA,NY
0500000US36057,36,057,Montgomery,County,403.043,057,36,36057,"Montgomery County, New York",B01003_001,49945,NA,NY
0500000US36061,36,061,New York,County,22.829,061,36,36061,"New York County, New York",B01003_001,1583345,NA,NY
0500000US36085,36,085,Richmond,County,58.37,085,36,36085,"Richmond County, New York",B01003_001,463450,NA,NY
0500000US36087,36,087,Rockland,County,173.55,087,36,36087,"Rockland County, New York",B01003_001,305461,NA,NY
0500000US36089,36,089,St. Lawrence,County,2680.377,089,36,36089,"St. Lawrence County, New York",B01003_001,111778,NA,NY
0500000US36093,36,093,Schenectady,County,204.516,093,36,36093,"Schenectady County, New York",B01003_001,153268,NA,NY
0500000US36095,36,095,Schoharie,County,621.819,095,36,36095,"Schoharie County, New York",B01003_001,32789,NA,NY
0500000US36097,36,097,Schuyler,County,328.333,097,36,36097,"Schuyler County, New York",B01003_001,18566,NA,NY
0500000US36099,36,099,Seneca,County,323.705,099,36,36099,"Seneca County, New York",B01003_001,35309,NA,NY
0500000US36101,36,101,Steuben,County,1390.559,101,36,36101,"Steuben County, New York",B01003_001,98724,NA,NY
0500000US36107,36,107,Tioga,County,518.602,107,36,36107,"Tioga County, New York",B01003_001,51377,NA,NY
0500000US36109,36,109,Tompkins,County,474.649,109,36,36109,"Tompkins County, New York",B01003_001,100612,NA,NY
0500000US36117,36,117,Wayne,County,603.826,117,36,36117,"Wayne County, New York",B01003_001,93654,NA,NY
0500000US36121,36,121,Wyoming,County,592.746,121,36,36121,"Wyoming County, New York",B01003_001,42367,NA,NY
0500000US36029,36,029,Erie,County,1042.693,029,36,36029,"Erie County, New York",B01003_001,921202,NA,NY
0500000US36111,36,111,Ulster,County,1124.235,111,36,36111,"Ulster County, New York",B01003_001,182782,NA,NY
